{
    "mean_iou": 0.6005411337772413,
    "mean_dice": 0.6664705377795623,
    "train_loss": 0.05167929984629154,
    "val_loss": 0.16323213130235673
}