{
    "mean_iou": 0.9998763718253277,
    "mean_dice": 0.9999381568029342,
    "train_loss": 0.035852560475468635,
    "val_loss": 0.019891197606921197
}